title,final_price
Logitech Lift Vertical Ergonomic Mouse (R…,"ValueClub S$113.05
+ Get V$2.26
U.P. S$119.00"
Logitech Lift Vertical Ergonomic Mouse (…,"ValueClub S$113.05
+ Get V$2.26
U.P. S$119.00"
Logitech Lift Vertical Ergonomic Mouse (G…,"ValueClub S$113.05
+ Get V$2.26
U.P. S$119.00"
Microsoft Surface Arc Mouse (Poppy Red),"ValueClub S$119.00
+ Get V$2.38"
Microsoft Surface Arc Mouse(Light Grey),"ValueClub S$119.00
+ Get V$2.38"
SteelSeries 63826 QcK Prism Cloth XL (RGB)…,"ValueClub S$103.50
+ Get V$2.06
U.P. S$115.00"
Razer Basilisk V3 - Ergonomic Wired Ga…,"ValueClub S$89.90
+ Get V$1.78
U.P. S$109.90"
Logitech G Pro HERO Wired Gaming Mouse,"ValueClub S$109.00
+ Get V$2.18"
Razer Orochi V2 - Wireless Gaming Mo…,"ValueClub S$69.90
+ Get V$1.38
U.P. S$104.90"
Razer Orochi V2 - Wireless Gaming Mo…,"ValueClub S$69.90
+ Get V$1.38
U.P. S$104.90"
Magic Mouse (USB-C to Lightning Cable),"ValueClub S$94.91
+ Get V$1.88
U.P. S$99.90"
Asus CB02 TUF Gaming Combo K1 K…,"ValueClub S$79.00
+ Get V$1.58
U.P. S$99.00"
Corsair SABRE RGB PRO Champion Serie…,"ValueClub S$94.05
+ Get V$1.88
U.P. S$99.00"
Razer DeathAdder V2 X HyperSpeed - Wirel…,"ValueClub S$90.16
+ Get V$1.80
U.P. S$94.90"
Logitech MK545 Advance Wireless Ke…,"ValueClub S$79.00
+ Get V$1.58
U.P. S$94.00"
Razer Basilisk X HyperSpeed Wireless…,"ValueClub S$85.41
+ Get V$1.70
U.P. S$89.90"
ASUS P306 TUF Gaming M4 Wireless …,"ValueClub S$69.00
+ Get V$1.38
U.P. S$89.00"
Corsair HARPOON RGB Wireless Rechar…,"ValueClub S$84.55
+ Get V$1.68
U.P. S$89.00"
Asus P518 ROG Strix Impact III Wired RGB…,"ValueClub S$84.55
+ Get V$1.68
U.P. S$89.00"
Lenovo Yoga Mouse with Laser Presenter …,"ValueClub S$89.00
+ Get V$1.78"
Razer Atheris Gaming Mouse - Mercury,"ValueClub S$49.90
+ Get V$0.98
U.P. S$84.90"
Logitech G304 LightSpeed Wireless …,"ValueClub S$59.00
+ Get V$1.18
U.P. S$84.00"
Logitech G304 LightSpeed Wireless …,"ValueClub S$59.00
+ Get V$1.18
U.P. S$84.00"
Logitech M720 Wireless Triathlon M…,"ValueClub S$78.85
+ Get V$1.56
U.P. S$83.00"
Razer Strider RZ02-03810100-R3M1 Hybr…,"ValueClub S$76.86
+ Get V$1.52
U.P. S$80.90"
Microsoft Bluetooth Ergonomic Mouse (P…,"ValueClub S$76.00
+ Get V$1.52
U.P. S$80.00"
Microsoft Bluetooth Ergonomic Mouse (P…,"ValueClub S$76.00
+ Get V$1.52
U.P. S$80.00"
Microsoft Bluetooth Ergonomic Mouse (G…,"ValueClub S$76.00
+ Get V$1.52
U.P. S$80.00"
Razer Gigantus V2 RZ02-03330500-R3…,"ValueClub S$71.91
+ Get V$1.42
U.P. S$79.90"
Razer RZ02-03020100-R3M1 Firef…,"ValueClub S$71.91
+ Get V$1.42
U.P. S$79.90"
ASUS TUF P307 GAMING M4 AIR Ligh…,"ValueClub S$69.00
+ Get V$1.38
U.P. S$79.00"
Asus P516 ROG Strix Impact II Moonlight …,"ValueClub S$69.00
+ Get V$1.38
U.P. S$79.00"
SteelSeries 63825 QcK Prism Cloth M (RGB) …,"ValueClub S$71.10
+ Get V$1.42
U.P. S$79.00"
ROG Scabbard II Extended Gaming M…,"ValueClub S$79.00
+ Get V$1.58"
Microsoft Sculpt Ergonomic Mouse (L…,"ValueClub S$73.15
+ Get V$1.46
U.P. S$77.00"
Asus ROG Sheath Gaming MouseMat,"ValueClub S$62.10
+ Get V$1.24
U.P. S$69.00"
Asus ROG P506 Strix IMPACT II 6k DPI Ga…,"ValueClub S$65.55
+ Get V$1.30
U.P. S$69.00"
ASUS ROG Electro Punk Sheath Mouse…,"ValueClub S$69.00
+ Get V$1.38"
Microsoft Modern Mobile Mouse Blueto…,"ValueClub S$51.20
+ Get V$1.02
U.P. S$64.00"
Microsoft Modern Mobile Mouse Blueto…,"ValueClub S$51.20
+ Get V$1.02
U.P. S$64.00"
Microsoft Modern Mobile Mouse Blueto…,"ValueClub S$51.20
+ Get V$1.02
U.P. S$64.00"
Microsoft Modern Mobile Mouse Blueto…,"ValueClub S$51.20
+ Get V$1.02
U.P. S$64.00"
Microsoft Modern Mobile Mouse Blueto…,"ValueClub S$51.20
+ Get V$1.02
U.P. S$64.00"
MS KTF-00093 Modern Mobile Mous…,"ValueClub S$51.20
+ Get V$1.02
U.P. S$64.00"
Microsoft Surface Mobile Mouse Blueto…,"ValueClub S$64.00
+ Get V$1.28"
Microsoft Surface Mobile Mouse Blueto…,"ValueClub S$64.00
+ Get V$1.28"
Microsoft Wired Ergonomic Mouse (B…,"ValueClub S$57.95
+ Get V$1.14
U.P. S$61.00"
Armaggeddon NRO-5 Starship III Gaming …,"ValueClub S$39.90
+ Get V$0.78
U.P. S$60.90"
