title,views,Date
Slav defence part 2,29 views,2 years ago
Slav defence part 2,29 views,2 years ago
Slav defence part 2,29 views,2 years ago
Slav defence part 2,29 views,2 years ago
Slav defence part 2,29 views,2 years ago
Slav defence part 2,29 views,2 years ago
Slav defence part 2,29 views,2 years ago
Slav defence part 2,29 views,2 years ago
Slav defence part 2,29 views,2 years ago
Slav defence part 2,29 views,2 years ago
Slav defence part 2,29 views,2 years ago
Slav defence part 2,29 views,2 years ago
Slav defence part 2,29 views,2 years ago
Slav defence part 2,29 views,2 years ago
Slav defence part 2,29 views,2 years ago
